n_break,n_exit,vol_mult,oi_threshold,max_hold,stop_atr_mult,avg_sharpe,avg_return,avg_drawdown,avg_win_rate,total_trades,positive_ratio,tested_symbols,score
5,5,1.2,0.03,10,2.5,0.09882799451510428,0.00021125379624200558,0.2175095779561722,0.429812724141497,1056,0.6491228070175439,57,0.8113592027082936
5,5,1.2,0.03,10,2.0,0.10843284770223534,0.00014675416536844753,0.22126473802283572,0.43048826356476794,1057,0.6666666666666666,57,0.804197676806576
5,3,1.2,0.03,5,1.5,0.050259723084875765,0.00029967593763762976,0.1677739730282183,0.43735480679750266,1187,0.631578947368421,57,0.7972755997620197
7,5,1.2,0.03,10,2.5,0.08006931655634283,0.00022729621011928426,0.21281651281032898,0.42018896384366106,962,0.631578947368421,57,0.795612584029373
5,5,1.2,0.03,5,1.5,0.059986649891878956,0.00022209724277887484,0.17789978435358217,0.4502644130164479,1186,0.6491228070175439,57,0.7858721092948808
3,5,1.2,0.03,5,1.5,0.10413043601925893,9.803222170928323e-05,0.19601152463527297,0.44986725835207003,1312,0.6491228070175439,57,0.77781643612328
7,5,1.2,0.03,10,2.0,0.06564942595628699,0.00013812049385277908,0.21824646203385184,0.4210080817966463,963,0.631578947368421,57,0.7552709769672098
5,3,1.2,0.01,5,1.5,0.0438382989538964,0.0001879686077021987,0.18612307366364936,0.43773911738523236,1319,0.6140350877192983,57,0.7484395628047589
3,5,1.2,0.03,5,2.5,0.06347903654332501,0.00016154364534965628,0.1872989159442185,0.4529768842687136,1311,0.5964912280701754,57,0.7473715258758786
3,3,1.2,0.03,5,1.5,0.040615505329929656,0.00018987647636585798,0.18738276399082776,0.43613457359345315,1316,0.6140350877192983,57,0.7466588364492979
3,5,1.2,0.03,5,2.0,0.07023868089038642,0.00014406358392845528,0.18853493983600514,0.4529768842687136,1311,0.5964912280701754,57,0.746640839734467
5,5,1.2,0.02,10,2.5,0.09720836129742536,3.9595248606943736e-05,0.23697711157792267,0.43153778810866267,1108,0.631578947368421,57,0.7462551195918764
5,3,1.2,0.02,5,1.5,0.042876209624507056,0.00015293826636817234,0.1835597379144705,0.4380535644766778,1254,0.631578947368421,57,0.7431305481668442
5,3,1.2,0.03,5,2.0,0.021082115855685885,0.00022324141945788802,0.17087247053550528,0.4402512163951045,1186,0.6140350877192983,57,0.7430890550419814
5,3,1.2,0.03,5,2.5,0.018321514485198413,0.00022284939431609026,0.17091044424708912,0.4402512163951045,1186,0.6140350877192983,57,0.7408923615116167
5,5,1.2,0.03,5,2.5,0.02543957485754515,0.00024292122503859515,0.17393267675162505,0.45383558644670835,1185,0.5789473684210527,57,0.738836628710797
5,5,1.2,0.03,5,2.0,0.032742789414398885,0.00022547613000667725,0.17341104864669069,0.45383558644670835,1185,0.5789473684210527,57,0.7385244879108626
7,3,1.2,0.03,5,1.5,0.004155638433002514,0.0002876326381443881,0.1741043764266751,0.42425892735091675,1082,0.5789473684210527,57,0.7377155626264573
5,5,1.2,0.02,10,2.0,0.10631661192374525,-2.6580248601037217e-05,0.24090976955098986,0.43219316217601494,1109,0.631578947368421,57,0.7311490048689773
5,5,1.2,0.02,5,1.5,0.0500374223321286,7.558572640499697e-05,0.19355178495902947,0.4502049755448212,1253,0.6491228070175439,57,0.7298810879768225
5,3,1.2,0.03,10,2.0,0.08062122663546499,4.528227958170081e-05,0.21081665205128883,0.39243625017416506,1074,0.6140350877192983,57,0.7287033444543908
3,3,1.2,0.03,5,2.5,0.028415854906398745,0.00015745258614805147,0.18780723868381344,0.43861763309405644,1315,0.6140350877192983,57,0.726782508164348
5,3,1.2,0.03,10,2.5,0.0780322903284395,4.460385331699671e-05,0.21121754860550523,0.3926177383774318,1073,0.6140350877192983,57,0.7265402826730294
3,3,1.2,0.03,5,2.0,0.025847930890852445,0.00015784418255596465,0.18779343956340105,0.43861763309405644,1315,0.6140350877192983,57,0.7249896980431625
7,5,1.2,0.02,10,2.5,0.08170304209768181,5.183549976579785e-05,0.2326190138859423,0.4216168190865206,1006,0.5964912280701754,57,0.7246669489526035
5,5,1.2,0.01,5,1.5,0.035979871499499425,0.00010920325225189003,0.1964037025095932,0.4502783915485075,1318,0.631578947368421,57,0.7234771006150089
5,5,1.2,0.01,10,2.5,0.08354462102650335,-3.0053435113199518e-05,0.24203882369421795,0.42464902043590724,1166,0.6491228070175439,57,0.7199668723786314
3,5,1.2,0.02,5,1.5,0.07343301071650016,-5.034771419507726e-05,0.2119321143206645,0.44857034232669074,1393,0.6666666666666666,57,0.7126901480238834
7,5,1.2,0.01,10,2.5,0.10762662677309594,-1.1453365544096832e-05,0.23775720282190663,0.41552385148537857,1057,0.5614035087719298,57,0.7090714542326496
3,5,1.2,0.01,5,1.5,0.0704217177786735,-1.6514254257931642e-05,0.21382738675748905,0.4487968097282943,1472,0.631578947368421,57,0.7076102750221285
5,5,1.2,0.03,10,1.5,0.0947950876056883,-9.278770349525924e-05,0.24346592513392265,0.41428171998249874,1061,0.6491228070175439,57,0.7076047411590279
5,5,1.2,0.01,10,2.0,0.09249074410836065,-9.594306742977158e-05,0.24598443079012117,0.4252998410357941,1167,0.6491228070175439,57,0.7048340887942819
7,5,1.2,0.02,10,2.0,0.08170031342442682,-3.382647746433952e-05,0.23768409783775357,0.4224012653801202,1007,0.6140350877192983,57,0.7033009027100218
7,3,1.2,0.02,5,1.5,0.01640298297667546,0.00014792164988712905,0.18952126989774176,0.4263229169415764,1137,0.5789473684210527,57,0.7005958286166845
3,3,1.2,0.01,5,1.5,0.017763973748151217,9.362476133232655e-05,0.20501796783048565,0.43568417096065776,1476,0.6140350877192983,57,0.6976602048525765
3,5,1.5,0.03,10,2.5,0.07456258719655084,5.831281453955987e-06,0.17172234932482675,0.4189778660949428,615,0.5789473684210527,57,0.6970613588496141
7,5,1.2,0.03,5,1.5,0.012179108360764789,0.0001467025345709079,0.1886047490343074,0.4332995555440532,1081,0.5789473684210527,57,0.6970295796202363
3,3,1.2,0.02,5,1.5,0.030409156273882403,4.746310011215429e-05,0.20326177327828268,0.435668354507387,1397,0.6140350877192983,57,0.6918331101352669
7,3,1.2,0.03,10,2.5,0.013422294653172536,7.280419440666641e-05,0.20696426358155923,0.38258077015182285,976,0.6140350877192983,57,0.6875114002415809
7,3,1.2,0.01,5,1.5,-0.0010228753964977315,0.00018139260668802588,0.1913217844576922,0.4253427201357252,1195,0.543859649122807,57,0.6846039508441821
7,3,1.2,0.03,5,2.0,-0.02854186215586089,0.00022224933865165773,0.17777035666985064,0.4265811580484335,1081,0.5614035087719298,57,0.6845552358137879
5,3,1.2,0.01,5,2.0,0.014455199175952926,8.238837902693385e-05,0.19193515845795686,0.4401902594854972,1318,0.5964912280701754,57,0.6844426059630688
7,3,1.2,0.03,5,2.5,-0.031166618629795216,0.00022185542141507354,0.1778281709713048,0.4265811580484335,1081,0.5614035087719298,57,0.6824596197823025
5,3,1.2,0.01,5,2.5,0.01162478899371831,8.199907020603468e-05,0.19222658272444862,0.4401902594854972,1318,0.5964912280701754,57,0.6821945479276803
5,3,1.2,0.02,5,2.0,0.018042107342273662,4.589579273469755e-05,0.1892683400518432,0.44068637026737834,1253,0.6140350877192983,57,0.682054864453115
7,5,1.2,0.01,10,2.0,0.09796382802196997,-9.439364306967098e-05,0.24175405758510796,0.41632794505263004,1058,0.5789473684210527,57,0.6813748587275383
5,3,1.2,0.02,5,2.5,0.017134530739337597,4.0952417497087856e-05,0.19010957201075132,0.44068637026737834,1253,0.6140350877192983,57,0.6797375395047179
3,5,1.5,0.03,10,2.0,0.07789794292189132,-6.30845136988978e-05,0.1751583973468107,0.42014745673821763,615,0.5789473684210527,57,0.6767252756696496
7,5,1.2,0.03,10,1.5,0.04530539413774996,-6.398356904535256e-05,0.2362668044296733,0.4029579701862989,967,0.631578947368421,57,0.6730786351422428
7,3,1.2,0.03,10,2.0,0.0014358562923022134,6.970642182311837e-05,0.20656498049555483,0.38233806853612357,977,0.5964912280701754,57,0.6704934922032966
5,5,1.2,0.01,5,2.5,0.0010387157173373854,8.90586443940624e-05,0.196207616578781,0.4533793062283696,1317,0.5789473684210527,57,0.6695904001516515
5,5,1.2,0.01,5,2.0,0.007389550642962054,6.910087815628776e-05,0.19558386013534176,0.4533793062283696,1317,0.5789473684210527,57,0.6677327327147856
5,3,1.2,0.02,10,2.0,0.07461548165137075,-0.00011169187307200888,0.22923434526740796,0.39620349040963787,1128,0.5964912280701754,57,0.6651807035070753
7,5,1.2,0.03,5,2.5,-0.03240536164360626,0.00019109535371508648,0.18586062875707104,0.4369851653638624,1080,0.543859649122807,57,0.6643232203838658
5,3,1.2,0.02,10,2.5,0.07235981560545868,-0.00011237018335313499,0.22968081542602378,0.3964051439688232,1127,0.5964912280701754,57,0.6632671930086483
7,5,1.2,0.02,5,1.5,0.018089739774878152,7.070113734976538e-06,0.20411877563208744,0.4350757417305659,1136,0.5964912280701754,57,0.6622092486138367
5,5,1.2,0.02,10,1.5,0.10856892054156264,-0.00022075865491517002,0.25958785582507415,0.4173552118914813,1114,0.6140350877192983,57,0.661482482977832
7,5,1.2,0.03,5,2.0,-0.022529213721236684,0.00017187595965970296,0.18566130957183033,0.4369851653638624,1080,0.5263157894736842,57,0.6583319788787654
5,5,1.2,0.02,5,2.0,0.008855321578838398,3.412069823952936e-05,0.19302120337069636,0.4534875539151189,1252,0.5789473684210527,57,0.6572404846882829
5,5,1.2,0.02,5,2.5,0.0010772470374051234,4.953590697756193e-05,0.1941970976960562,0.4534875539151189,1252,0.5789473684210527,57,0.6565245647842705
7,3,1.2,0.03,10,1.5,-0.016384138987241517,6.622176000673784e-05,0.21051408262817498,0.3716083412198447,981,0.5964912280701754,57,0.6559974750630658
3,3,1.2,0.01,5,2.5,-0.0021228625082616833,3.0487047470380997e-05,0.20764542805134967,0.43778215786339847,1475,0.5964912280701754,57,0.6548349771181079
5,3,1.2,0.03,10,1.5,0.026012086895122747,-5.512359019153458e-05,0.21775412115541753,0.3816262347876127,1078,0.6140350877192983,57,0.65455206396436
5,3,1.2,0.01,10,2.0,0.07142506918713962,-0.00013925558566867162,0.23503615201405323,0.39179889821358016,1186,0.5964912280701754,57,0.6536596887910672
3,3,1.2,0.01,5,2.0,-0.00475515415144594,3.087682286754232e-05,0.20729071989340786,0.43778215786339847,1475,0.5964912280701754,57,0.6529933728890307
7,5,1.2,0.01,5,1.5,-0.009921303665809124,4.0734431792309705e-05,0.20619112054817854,0.4346758904307899,1194,0.5964912280701754,57,0.652391604284731
3,3,1.2,0.02,5,2.5,0.016775904639774977,-1.9788632245117586e-05,0.20720778896987788,0.43790267594316035,1396,0.5964912280701754,57,0.6523267599527329
3,3,1.2,0.02,5,2.0,0.014262944626894026,-1.4850225597958763e-05,0.20639102133397938,0.43790267594316035,1396,0.5964912280701754,57,0.6520815505715667
5,5,1.2,0.01,10,1.5,0.12419775947835389,-0.0002850620104087552,0.2653266129518663,0.41116506576415807,1171,0.6140350877192983,57,0.6518784822505066
3,5,1.5,0.02,10,2.5,0.09659138621549616,-0.0001803762540288528,0.19280744913641562,0.41730843845802296,636,0.5789473684210527,57,0.6518595590384678
3,3,1.5,0.03,10,2.0,-0.009074302682804701,7.353501418516856e-05,0.1607414004102864,0.3779400710515261,626,0.5614035087719298,57,0.6498581464170553
3,5,1.2,0.03,10,2.5,0.05156002217824926,-0.0001273791191718699,0.23687558283731736,0.42655384076709524,1157,0.6140350877192983,57,0.6497395784955964
5,3,1.2,0.01,10,2.5,0.06956414558963127,-0.0001399353713707882,0.23548261605299084,0.39200640623093547,1185,0.5789473684210527,57,0.6450236814625998
5,5,2.0,0.03,7,2.0,0.03173611866203707,0.0001112481869715671,0.054761586805722864,0.4186894002683476,206,0.43859649122807015,57,0.6437844325853318
7,3,1.2,0.02,10,2.5,0.04190227486451588,-7.888734650460086e-05,0.2247035229911665,0.3859094574475856,1020,0.5614035087719298,57,0.6375226884041958
5,5,1.5,0.03,10,2.5,-0.004963548651265394,2.1771778856575912e-05,0.16425395878110124,0.4081433579990976,581,0.5614035087719298,57,0.6357855789245378
7,3,1.2,0.02,5,2.0,-0.018686461106277672,5.2150700825521e-05,0.1958118082088297,0.4285059106577509,1136,0.5614035087719298,57,0.6355766575322741
3,5,1.5,0.02,10,2.0,0.1014741957103249,-0.0002453928796008661,0.19567693397867114,0.4184780291012978,636,0.5789473684210527,57,0.6339738977171365
3,5,1.2,0.01,5,2.0,0.01803913798458944,-1.5645806179575682e-05,0.20933145955513688,0.45146624840862715,1471,0.543859649122807,57,0.6335924883459092
5,5,2.0,0.03,7,2.5,0.017830380557084417,0.00010914420275282127,0.05566749331613087,0.4186894002683476,206,0.43859649122807015,57,0.6326763888393502
7,3,1.2,0.02,5,2.5,-0.020586141524668065,4.720616774222402e-05,0.19667296199056536,0.4285059106577509,1136,0.5614035087719298,57,0.6325161804549575
3,3,1.5,0.02,10,2.0,0.023749351625378848,-9.534516422778768e-05,0.17970858553095115,0.37562677539661404,648,0.5964912280701754,57,0.6325142332217563
5,5,2.0,0.03,5,2.0,-0.004460512257611947,0.00011588497621311279,0.046999834025611587,0.41338510417457786,210,0.47368421052631576,57,0.6322560805414132
3,5,1.2,0.03,10,2.0,0.05412971673512732,-0.00019730844598015167,0.2424621389491241,0.42662441951281016,1158,0.6140350877192983,57,0.6284944563817185
7,3,1.2,0.02,10,2.0,0.03710367661340082,-8.198515610267227e-05,0.22425865789195262,0.3856320841725007,1021,0.543859649122807,57,0.6258861618777078
3,3,1.5,0.03,10,2.5,-0.025244135643987132,5.728603389636014e-05,0.16166064304333186,0.3779400710515261,626,0.543859649122807,57,0.6253509522077282
5,5,2.0,0.03,5,2.5,-0.01578335008435478,0.00011987348633218761,0.04721714974685979,0.41338510417457786,210,0.47368421052631576,57,0.6251003698764477
7,5,1.2,0.02,10,1.5,0.07436100335334919,-0.000189960772228073,0.25168975972431323,0.40521435751481943,1011,0.5614035087719298,57,0.6250230221504711
7,5,2.0,0.03,7,2.0,0.018337281879665223,9.713489116667729e-05,0.054604450169840967,0.412075643654591,195,0.42105263157894735,57,0.6220594239325462
3,5,1.2,0.02,5,2.5,0.01873354669044345,-3.343056591666907e-05,0.20806712620529544,0.45139983448496923,1392,0.5263157894736842,57,0.6212023836189946
3,5,1.2,0.02,5,2.0,0.02485587825076505,-4.888472204049812e-05,0.20874822347837077,0.45139983448496923,1392,0.5263157894736842,57,0.6206657774322827
5,5,2.0,0.02,5,2.0,-0.013688459880003865,0.00012196743249399855,0.0498727704175034,0.3993012835118098,215,0.45614035087719296,57,0.6203449956468576
7,5,1.2,0.01,10,1.5,0.08268495203527937,-0.00024723013585530154,0.25807012836314314,0.39986028841118304,1061,0.5789473684210527,57,0.6192980422795052
3,5,1.2,0.01,5,2.5,0.012711803745474285,-4.591244236543385e-06,0.20978301579708802,0.45146624840862715,1471,0.5087719298245614,57,0.6192315309718442
7,3,1.2,0.02,10,1.5,0.014641578317310592,-5.301250289754437e-05,0.22538646473365487,0.37540431493109827,1025,0.543859649122807,57,0.6186684595234746
3,5,1.5,0.01,10,2.5,0.07009292966986701,-0.00024309149147784607,0.19513948804639827,0.4127849365585726,659,0.5964912280701754,57,0.6182594046229497
5,3,1.5,0.03,10,2.0,-0.05076992421701605,0.00011055318936733127,0.15062223026761268,0.3710142132074141,588,0.5263157894736842,57,0.6168712420762879
7,3,1.2,0.01,5,2.0,-0.03446900346402376,8.88683386584641e-05,0.19701763881382633,0.42738418744035045,1194,0.5087719298245614,57,0.6148732452617431
5,5,2.0,0.02,5,2.5,-0.02339124744103275,0.00012697349264956102,0.05004244543699715,0.3993012835118098,215,0.45614035087719296,57,0.6147393195113171
7,3,1.2,0.01,5,2.5,-0.03694823254255755,8.847718723130598e-05,0.1972524683827818,0.42738418744035045,1194,0.5087719298245614,57,0.6128874990825464
7,5,2.0,0.03,5,2.0,-0.01439995828672585,0.00010055108593537652,0.04688074261957313,0.4059568112199691,198,0.45614035087719296,57,0.6127166416895018
5,5,1.5,0.03,10,2.0,-0.006143385690573196,-4.608228331071329e-05,0.16757398676678315,0.40931294864237244,581,0.5614035087719298,57,0.6124208338258796
7,5,2.0,0.03,7,2.5,0.004908964454632178,9.502992569786207e-05,0.05552003301386981,0.412075643654591,195,0.42105263157894735,57,0.6113084905022628
3,5,1.5,0.01,10,2.0,0.0917119156190894,-0.00033635378382242424,0.19811376499080655,0.4139545272018474,659,0.6140350877192983,57,0.6105629703651845
3,3,1.5,0.02,10,2.5,0.007830937179786505,-0.00011159428152832813,0.18063023347853757,0.37562677539661404,648,0.5789473684210527,57,0.608195225689358
7,3,1.2,0.01,10,2.5,0.023659620608424498,-0.00010535676585202292,0.2295465388821706,0.38095808450280855,1072,0.543859649122807,57,0.6080773755114347
5,5,2.0,0.02,7,2.0,-0.003157358531505998,0.00012067295130418545,0.05858204263172707,0.40436191488823064,211,0.40350877192982454,57,0.6067479036076893
7,5,1.2,0.02,5,2.0,-0.03146856202750948,-1.1254715432633267e-05,0.20499005309913776,0.43858744290964735,1135,0.5614035087719298,57,0.6049994533080633
7,5,1.2,0.02,5,2.5,-0.04077323253367599,5.93490256762503e-06,0.2057482856667993,0.43858744290964735,1135,0.5614035087719298,57,0.6037284988981578
7,5,2.0,0.02,5,2.0,-0.02241602579100745,0.00010663354011425246,0.04975368047307525,0.39204703678387887,203,0.43859649122807015,57,0.6017128667821925
7,3,1.2,0.01,10,1.5,-0.008331456090089461,-7.691202152709976e-05,0.23213115092356462,0.3707076074173903,1076,0.5614035087719298,57,0.6005681523905915
7,5,2.0,0.03,5,2.5,-0.02494069447798689,0.00010453901379172603,0.047098115968417634,0.4059568112199691,198,0.43859649122807015,57,0.599128738280585
5,3,1.2,0.02,10,1.5,0.025848692347179996,-0.00017973936430822234,0.2330943669936018,0.3860434106797694,1132,0.5789473684210527,57,0.5991069172893849
7,5,1.2,0.01,5,2.5,-0.06684921599923661,4.6973568005831096e-05,0.20678021740719216,0.43802837985593374,1193,0.5614035087719298,57,0.5978028662869673
7,3,1.2,0.01,10,2.0,0.019259361661682708,-0.00010845250916913648,0.22910167922963548,0.3806949266080717,1073,0.5263157894736842,57,0.5967397623470581
3,3,1.5,0.01,10,2.0,0.00908143357085703,-0.0001705930749593085,0.18091043083671776,0.3705567965572322,671,0.5964912280701754,57,0.5966014968367358
7,5,1.2,0.01,5,2.0,-0.05939459007443122,2.555760723841601e-05,0.20599149342690365,0.43802837985593374,1193,0.5614035087719298,57,0.5962884559801541
5,5,2.0,0.02,7,2.5,-0.017543117167136173,0.00011942969372165094,0.05944072025150602,0.40436191488823064,211,0.40350877192982454,57,0.5955656541402758
5,5,2.0,0.03,5,1.5,-0.0389189163055198,0.00012393720536228554,0.04582542299018759,0.41338510417457786,210,0.43859649122807015,57,0.5950905335339435
3,5,1.2,0.02,10,2.5,0.04171997834834997,-0.0002720856504095967,0.2559889771463635,0.4285217926971662,1218,0.6140350877192983,57,0.5944283289930956
3,5,1.5,0.03,10,1.5,0.019397688625786825,-0.0001209090800279393,0.1777151185811558,0.4000286415224496,618,0.5263157894736842,57,0.5927162109136425
7,5,2.0,0.02,5,2.5,-0.030992285716252933,0.00011163901800756562,0.0499234131201653,0.39204703678387887,203,0.42105263157894735,57,0.5899328628394495
5,3,1.5,0.03,10,2.5,-0.06504069565922069,9.430561664532643e-05,0.1515504878072456,0.3710142132074141,588,0.49122807017543857,57,0.5867687601745635
5,3,1.2,0.01,10,1.5,0.01765469747567647,-0.000202962734524317,0.23994923232583207,0.38194219797487655,1189,0.5789473684210527,57,0.5852778626502446
7,5,2.0,0.02,7,2.0,-0.0162297174065254,0.00010655967821274697,0.05842316991799347,0.39785258601048074,200,0.38596491228070173,57,0.5852673300345916
5,5,2.0,0.02,5,1.5,-0.046713393574521936,0.00013001801277447546,0.04894327830362589,0.3993012835118098,215,0.42105263157894735,57,0.5842521132474661
5,3,1.5,0.02,10,2.0,-0.024293113583846514,-5.5941389376334376e-05,0.17084438313902303,0.3694145787517425,608,0.5263157894736842,57,0.5815308822536702
5,5,1.5,0.02,10,2.5,0.012759381541148035,-0.00016276898010498836,0.18774949771432656,0.4073381289430945,601,0.543859649122807,57,0.5808947532007385
3,5,1.2,0.01,10,2.5,0.028667534252322352,-0.00029351988227224854,0.25540838662539267,0.42567629808941493,1290,0.6140350877192983,57,0.5775546272344455
7,5,2.0,0.03,5,1.5,-0.04820712622347212,0.00010860319110085108,0.045706324119026566,0.4059568112199691,198,0.42105263157894735,57,0.5760386212042043
7,5,2.0,0.02,7,2.5,-0.02992376693131931,0.0001053154393804499,0.059291523871393276,0.39785258601048074,200,0.38596491228070173,57,0.5746026243943914
3,5,1.5,0.02,10,1.5,0.04437816566602349,-0.0002560025893787898,0.1939211421858266,0.39945115313536367,639,0.543859649122807,57,0.5736769295479677
5,5,2.0,0.03,7,1.5,-0.038385294414836936,0.00012116759407397067,0.05288085886924488,0.41576542366016045,206,0.38596491228070173,57,0.5735197858261549
3,5,1.2,0.02,10,2.0,0.04460785776065059,-0.00034368872388930704,0.261755094487359,0.4285722060869626,1219,0.6140350877192983,57,0.5728668794338725
7,3,1.5,0.03,10,2.0,-0.09974601366497264,0.00010865327998522158,0.14519077295015487,0.35699980116022156,546,0.5087719298245614,57,0.5725567899399112
3,3,1.5,0.01,10,2.5,-0.006808425289973054,-0.00018684489288917555,0.18183208146771362,0.3705567965572322,671,0.5789473684210527,57,0.5723029735328935
5,3,2.0,0.03,7,1.5,-0.021514116176127304,3.674511681531168e-05,0.05541529315394133,0.38197260828839774,206,0.42105263157894735,57,0.5722151153579754
5,3,2.0,0.03,5,2.0,-0.04115972632344546,5.9055310006388144e-05,0.04687525412852471,0.3880718209665578,210,0.43859649122807015,57,0.5719161979764682
7,5,2.0,0.02,5,1.5,-0.05254061015295737,0.00011468399641107915,0.04882418089411507,0.39204703678387887,203,0.40350877192982454,57,0.5677913775054091
5,3,2.0,0.03,5,2.5,-0.048512265077457574,6.318296748610453e-05,0.04692133810812574,0.3880718209665578,210,0.43859649122807015,57,0.5677790740657841
3,5,1.2,0.01,10,2.0,0.03292779699926061,-0.0003559258368924832,0.25947060930812005,0.42574232336766427,1291,0.631578947368421,57,0.5670853894681104
3,5,2.0,0.03,7,2.0,-0.025544714113977917,2.4871373203837174e-05,0.06300830116547637,0.3998537983058107,223,0.42105263157894735,57,0.5652634747423619
3,3,1.2,0.03,10,2.5,0.029110624422381395,-0.000294211518594314,0.23495325748920678,0.3831036428920475,1186,0.5789473684210527,57,0.5636221192498976
3,5,2.0,0.03,5,2.0,-0.06486947805244704,6.525374101994646e-05,0.05197409651614393,0.39669748322999093,228,0.45614035087719296,57,0.5632363851709871
3,5,2.0,0.03,7,2.5,-0.028672233175157994,2.3104676179371394e-05,0.06395745681557292,0.3998537983058107,223,0.42105263157894735,57,0.5623366205679029
5,5,2.0,0.01,7,2.0,-0.04833564434674675,0.00010871722975970706,0.059691320514264644,0.3895293790030632,217,0.38596491228070173,57,0.5619450978232915
5,5,2.0,0.01,5,2.0,-0.06870555708721283,0.00011203364587499921,0.05113358357882081,0.38375104427736006,221,0.42105263157894735,57,0.5618284304150509
5,5,1.5,0.02,10,2.0,0.012974233600892018,-0.00022672477933996242,0.19050296621640259,0.4085077195863694,601,0.543859649122807,57,0.5598657576813407
7,3,2.0,0.03,5,2.0,-0.04224365820929112,4.5380443513559824e-05,0.04673184549785109,0.3829548619022303,198,0.42105263157894735,57,0.559556375641649
5,3,2.0,0.02,5,2.0,-0.051318757858647174,6.513777508176434e-05,0.049748189641473636,0.37398800030378976,215,0.42105263157894735,57,0.5593080318791537
3,5,2.0,0.03,5,2.5,-0.0725774058995948,6.924288181928118e-05,0.052158131807892645,0.39669748322999093,228,0.45614035087719296,57,0.5587872950925203
7,5,1.2,0.03,7,2.5,-0.09918974909615669,-4.024631259121698e-05,0.20847043084539282,0.4409990028203412,1028,0.5964912280701754,57,0.5587275241767742
5,3,1.5,0.02,10,2.5,-0.03851188310376805,-7.21889957146136e-05,0.1718091699955333,0.3694145787517425,608,0.5087719298245614,57,0.5584848658848978
5,5,2.0,0.01,5,2.5,-0.07831714514385199,0.00011703965539309631,0.051329524524499785,0.38375104427736006,221,0.42105263157894735,57,0.5562910167680742
5,3,2.0,0.02,5,2.5,-0.058671296612659296,6.926543256148072e-05,0.049794273621074664,0.37398800030378976,215,0.42105263157894735,57,0.5551709079684695
3,3,1.2,0.03,10,2.0,0.01898704292714436,-0.0002976598837051336,0.2347956225789561,0.3823171940112248,1187,0.5789473684210527,57,0.5549002807733159
7,5,2.0,0.01,5,2.0,-0.06308379644815064,9.744707457066781e-05,0.05093978030974677,0.37703982177666384,208,0.40350877192982454,57,0.5541869612311022
7,3,1.5,0.03,10,2.5,-0.10857002901998367,9.240452954534219e-05,0.14611904568432013,0.35699980116022156,546,0.49122807017543857,57,0.5535493402877519
3,3,1.5,0.03,10,1.5,-0.09927803440968015,5.9726187210766665e-06,0.1662390034709113,0.36490096590715787,626,0.543859649122807,57,0.5529220627295327
3,3,1.5,0.02,10,1.5,-0.06041173265974796,-0.0001271283039187691,0.18239474320281213,0.3633524025959255,648,0.5789473684210527,57,0.5519565519547309
5,3,1.5,0.01,10,2.0,-0.030531719320444458,-0.00013294201119925806,0.17240973136418408,0.3637541251875369,630,0.5263157894736842,57,0.5513482966740494
5,5,2.0,0.01,7,2.5,-0.06256430472724257,0.00010747390192637796,0.060549997975556914,0.3895293790030632,217,0.38596491228070173,57,0.550880441437911
7,5,1.5,0.03,10,2.5,-0.1006170778678901,6.58484699651832e-05,0.15469895516510468,0.4027918001255952,539,0.49122807017543857,57,0.5507049974330602
3,5,2.0,0.02,5,2.0,-0.0760255197656399,7.133621892486402e-05,0.05484703045320492,0.38246746373681356,233,0.43859649122807015,57,0.5498817815165306
7,5,2.0,0.01,7,2.0,-0.04994847812576954,9.607065302346468e-05,0.05938582111830756,0.38423141186299076,205,0.3684210526315789,57,0.549529990311327
7,5,2.0,0.03,7,1.5,-0.054991948340223584,0.00010705537074177156,0.05272366021743564,0.4091516670464038,195,0.3684210526315789,57,0.5493935032338142
7,3,2.0,0.02,5,2.0,-0.0502597257135727,5.1462897692435756e-05,0.04960478335135321,0.3690450874661401,203,0.40350877192982454,57,0.5485526007343396
7,3,2.0,0.03,5,2.5,-0.04990926971206306,4.950762417405275e-05,0.04677797906526655,0.3829548619022303,198,0.40350877192982454,57,0.5481671585143902
5,3,2.0,0.03,7,2.0,-0.04260800506726027,2.9431738517135097e-05,0.05670604651717431,0.38197260828839774,206,0.40350877192982454,57,0.5469819236620344
3,5,2.0,0.02,5,2.5,-0.08286769248870617,7.634290975986652e-05,0.054983426086943864,0.38246746373681356,233,0.43859649122807015,57,0.5464180001082586
5,5,1.5,0.01,10,2.5,-0.0065448864814017646,-0.00022731922691750052,0.19025313412619757,0.4022290234577962,623,0.543859649122807,57,0.5450552258824791
7,5,1.2,0.03,7,2.0,-0.11053771955012578,-5.753835700506392e-05,0.20826373470957468,0.4409990028203412,1028,0.5964912280701754,57,0.5445023186901381
5,5,2.0,0.02,7,1.5,-0.07368676339039629,0.0001305914215980482,0.05702427990840213,0.40143793828004354,211,0.3684210526315789,57,0.5431950349439603
3,5,1.5,0.03,5,2.5,-0.131412704891057,0.00015318455602424837,0.13362547655307633,0.44843314828853365,666,0.45614035087719296,57,0.5425500459829149
7,5,2.0,0.01,5,2.5,-0.07156680062751491,0.00010245250182658472,0.05113577888302251,0.37703982177666384,208,0.38596491228070173,57,0.5424767592442956
5,3,2.0,0.03,5,1.5,-0.07277572603471873,6.180542234393448e-05,0.04649323804966849,0.3880718209665578,210,0.42105263157894735,57,0.5421395481209429
5,3,2.0,0.03,7,2.5,-0.04817033768181152,2.6169798572110274e-05,0.057099784785424525,0.38197260828839774,206,0.40350877192982454,57,0.541736768470898
5,3,2.0,0.02,7,1.5,-0.057424024007949256,4.6519787661021137e-05,0.05955871367780029,0.3676451229082808,211,0.40350877192982454,57,0.5415510798288076
3,5,1.5,0.03,5,2.0,-0.12500686296034438,0.00013315438599750468,0.1350782951500099,0.44843314828853365,666,0.45614035087719296,57,0.5407095723621562
3,5,1.5,0.03,5,1.5,-0.15905831025659628,0.00018423850313045343,0.12767088376462654,0.4429506921481827,666,0.47368421052631576,57,0.5391586730345538
7,5,2.0,0.01,7,2.5,-0.06348526125980054,9.482634394031188e-05,0.06025417491322096,0.38423141186299076,205,0.3684210526315789,57,0.5389830036329605
7,3,2.0,0.02,5,2.5,-0.05792533721634465,5.5590078352928666e-05,0.049650916918768676,0.3690450874661401,203,0.38596491228070173,57,0.5371633836070809
7,3,2.0,0.03,7,1.5,-0.04326868047130678,2.1790707599871224e-05,0.05540665308761925,0.374732285258601,195,0.38596491228070173,57,0.5369381169619324
5,5,1.5,0.01,10,2.0,0.011886421153317284,-0.0003194098608008446,0.19310111158934104,0.40339861410107103,623,0.5614035087719298,57,0.5353604340632518
3,5,1.5,0.01,10,1.5,0.014993506585543357,-0.0003321890968198707,0.19637611814607725,0.3963807731265454,662,0.5614035087719298,57,0.5334526278983529
7,5,1.5,0.03,10,2.0,-0.094853344710946,-4.2473634441993206e-06,0.1581699776484373,0.40425378842968873,539,0.49122807017543857,57,0.531796021860262
5,5,1.5,0.03,5,2.5,-0.14937133090494503,0.00017998998825266324,0.1271590312603147,0.44892330317375134,623,0.43859649122807015,57,0.5309684162432702
7,3,1.5,0.02,10,2.0,-0.08157270477728025,-5.982703499038832e-05,0.1658815747984276,0.35450884111874825,565,0.5087719298245614,57,0.5303418479206146
5,5,1.5,0.03,5,1.5,-0.18039910133424045,0.0002057546583119408,0.12187033130081186,0.4432702817312562,623,0.47368421052631576,57,0.5303099824801187
5,5,1.5,0.03,5,2.0,-0.14246787701181646,0.00015996113863614406,0.12857856922988564,0.44892330317375134,623,0.43859649122807015,57,0.529500932338852
5,3,2.0,0.02,5,1.5,-0.08358349455853673,6.788623855057967e-05,0.04961109248413578,0.37398800030378976,215,0.40350877192982454,57,0.5290451391631946
3,5,2.0,0.02,7,2.0,-0.06003306717279828,3.429614880514564e-05,0.06682875571225759,0.38542884703875413,228,0.38596491228070173,57,0.5285302579280009
5,3,1.5,0.01,10,2.5,-0.04472287058477121,-0.00014919231816732355,0.17337452090410263,0.3637541251875369,630,0.5087719298245614,57,0.5283220627738653
7,3,2.0,0.03,5,1.5,-0.07674737316919455,4.8130084425043496e-05,0.04634989532586183,0.3829548619022303,198,0.40350877192982454,57,0.527617594281073
3,5,2.0,0.03,5,1.5,-0.0976300618082095,7.290527316168409e-05,0.050814304934595475,0.39669748322999093,228,0.42105263157894735,57,0.5272092036174346
5,5,2.0,0.01,5,1.5,-0.10135861620143688,0.000120173693257199,0.050204091442637294,0.38375104427736006,221,0.38596491228070173,57,0.5260436054233638
3,5,2.0,0.02,7,2.5,-0.06358566997692144,3.339017841664516e-05,0.06773068278661451,0.38542884703875413,228,0.38596491228070173,57,0.5255703281188198
5,5,1.2,0.03,7,2.5,-0.11821122264855978,-0.00010635574716253178,0.21159578464664064,0.45300739394092443,1129,0.5964912280701754,57,0.5225831290183212
7,5,2.0,0.01,5,1.5,-0.09283682814049399,0.00010558699796921035,0.05001028070848053,0.37703982177666384,208,0.3684210526315789,57,0.5205732883538539
7,5,2.0,0.02,7,1.5,-0.08852501315581522,0.00011647922097913498,0.056865345178808105,0.3949286094022936,200,0.3508771929824561,57,0.5203927291074734
3,5,1.2,0.03,10,1.5,0.05179272016855169,-0.0004977544062487162,0.2719184824502844,0.41154174570858987,1165,0.5964912280701754,57,0.5201834205298455
5,5,1.2,0.03,7,2.0,-0.11767102088905966,-0.00011554361958371439,0.20966317000361157,0.45300739394092443,1129,0.5964912280701754,57,0.5199434392624891
7,3,2.0,0.02,5,1.5,-0.08108085709867979,5.421088973527157e-05,0.049467752100950335,0.3690450874661401,203,0.38596491228070173,57,0.5193703505822778
7,3,1.5,0.02,10,2.5,-0.09035019220013574,-7.607589800106868e-05,0.16684637687392692,0.35450884111874825,565,0.5087719298245614,57,0.5183867393739948
3,3,1.5,0.03,5,2.0,-0.13700955005786583,9.283275855513365e-05,0.1358554763902288,0.4361207651784031,667,0.45614035087719296,57,0.5183640264007277
5,3,1.5,0.03,5,2.0,-0.15459408892863227,0.00013244591805076542,0.12839625989579193,0.43773334074539877,623,0.45614035087719296,57,0.5183234714919305
3,3,2.0,0.03,5,2.0,-0.08884952910566896,4.994994529783558e-06,0.05242231635452828,0.38031561947970616,228,0.43859649122807015,57,0.5183005086194592
3,3,2.0,0.03,5,2.5,-0.09322861825580908,9.12327392413624e-06,0.05246843671978733,0.38031561947970616,228,0.43859649122807015,57,0.5163897536904053
5,3,1.2,0.03,7,1.5,-0.0812046123707181,-0.00016632821209054246,0.19524284093429378,0.41603722497409057,1136,0.5614035087719298,57,0.5163840670221166
3,3,1.5,0.03,5,1.5,-0.172744753861073,0.00014640942821131972,0.13093498962928404,0.4315155020205083,667,0.47368421052631576,57,0.5163783649770521
3,3,1.5,0.01,10,1.5,-0.06950492854299374,-0.0001947462748205924,0.18362882875374473,0.35925012077687224,671,0.5614035087719298,57,0.5157279095049949
3,5,2.0,0.02,5,1.5,-0.10687365321671698,7.898610622834382e-05,0.05393215793963057,0.38246746373681356,233,0.40350877192982454,57,0.5152858687257825
5,3,1.5,0.03,5,1.5,-0.18962656522179944,0.00018065863786631106,0.124015843320407,0.4330549781722994,623,0.47368421052631576,57,0.5150867430909384
7,3,2.0,0.03,7,2.0,-0.06188197395481909,1.4476506470381059e-05,0.05669747216923766,0.374732285258601,195,0.3684210526315789,57,0.5135618253817973
3,3,1.5,0.03,5,2.5,-0.1461124442948435,8.940332235489489e-05,0.13621650327317514,0.4361207651784031,667,0.45614035087719296,57,0.5104126278251114
5,3,2.0,0.02,7,2.0,-0.0779085937396191,3.92073672205349e-05,0.06052650182790494,0.3676451229082808,211,0.3684210526315789,57,0.5097568468383689
5,3,1.2,0.03,7,2.5,-0.08699295413438145,-0.00015557934453297174,0.20042948597619134,0.42019508694929,1135,0.543859649122807,57,0.5085942235505188
7,3,2.0,0.03,7,2.5,-0.06776945371670433,1.121409552452004e-05,0.05709125944127927,0.374732285258601,195,0.3684210526315789,57,0.508073082898002
7,3,1.5,0.01,10,2.0,-0.08984295470499531,-0.00013094983180083301,0.16771131416096893,0.3504817972147286,586,0.5263157894736842,57,0.507603196780901
7,3,2.0,0.02,7,1.5,-0.07755576617078579,3.1565404022563364e-05,0.05954833724741659,0.3605092276144908,200,0.3684210526315789,57,0.5074890647517182
5,3,1.5,0.03,10,1.5,-0.14546143368106398,3.439252753217613e-05,0.15727208560137934,0.35766878670409286,588,0.49122807017543857,57,0.5067089243554539
5,3,1.2,0.01,7,1.5,-0.050599538061982564,-0.0002914121614457902,0.21674403438998502,0.4172312501365802,1255,0.5789473684210527,57,0.5048721802845838
3,3,2.0,0.02,5,2.0,-0.10039700765059022,1.1077484161121931e-05,0.05529524950429634,0.3660855999865288,233,0.42105263157894735,57,0.5046528478336
3,5,2.0,0.01,5,2.0,-0.12308141005612744,6.14063361788724e-05,0.05599838807182581,0.370196664933507,239,0.42105263157894735,57,0.5043444517897053
5,3,2.0,0.02,7,2.5,-0.08399612774134452,3.5946514590760504e-05,0.060920651907280556,0.3676451229082808,211,0.3684210526315789,57,0.5041188440022532
3,3,1.2,0.02,10,2.5,0.0010566186726459481,-0.00041142570420043043,0.2530682053996479,0.38881268239038597,1249,0.5789473684210527,57,0.5037832072393662
3,3,1.2,0.01,10,2.5,-0.00604838856686612,-0.0004187724769723709,0.2570218718143681,0.38822582315684295,1321,0.5964912280701754,57,0.5030472381082687
3,3,2.0,0.02,5,2.5,-0.10477609680073036,1.5205763555474613e-05,0.055341369869555394,0.3660855999865288,233,0.42105263157894735,57,0.502742092904546
5,3,1.5,0.03,5,2.5,-0.1646068928039727,0.00012901750308696636,0.12875725279327715,0.43773334074539877,623,0.43859649122807015,57,0.5026736360570503
5,3,2.0,0.01,5,2.0,-0.10480112427569499,5.5293475518950415e-05,0.05100900280279104,0.35843776106934,221,0.38596491228070173,57,0.5019701381192305
7,3,2.0,0.01,5,2.0,-0.09055345334869457,4.236589902744589e-05,0.05079088318802471,0.3540378724589251,208,0.3684210526315789,57,0.5013363759864747
3,5,2.0,0.01,5,2.5,-0.129839032441219,6.641297637612856e-05,0.056161049631753744,0.370196664933507,239,0.42105263157894735,57,0.5009439547704737
5,5,2.0,0.01,7,1.5,-0.11592308183328105,0.00011891462396465357,0.058116988125890605,0.386605402394876,217,0.3508771929824561,57,0.5006872351022812
5,3,2.0,0.01,7,1.5,-0.09904856083800191,3.713843586261957e-05,0.060579345435082754,0.35339738234475077,217,0.38596491228070173,57,0.5002618364589555
5,3,1.2,0.01,7,2.5,-0.04704535138814819,-0.00031346961111605525,0.22342750997374602,0.4208316633329226,1254,0.5789473684210527,57,0.5002250499684616
7,3,1.2,0.03,7,2.5,-0.11543544494217148,-9.68699521704381e-05,0.20042938259599652,0.4101798687405994,1034,0.5263157894736842,57,0.4997339593785157
3,5,2.0,0.03,7,1.5,-0.09860043565486111,3.381044200715587e-05,0.061233407943546606,0.3969298216976236,223,0.38596491228070173,57,0.4994947071871795
5,3,2.0,0.01,5,2.5,-0.1121369182723535,5.942113079909452e-05,0.051055087002265555,0.35843776106934,221,0.38596491228070173,57,0.49784554994854446
7,5,1.5,0.02,10,2.5,-0.07999912657148148,-0.00012024930773356596,0.17890451178910743,0.4006221561949116,558,0.47368421052631576,57,0.49746574494284035
3,3,1.2,0.02,10,2.0,-0.00794663518350846,-0.00041487304558822423,0.252909412471768,0.38800606815364463,1250,0.5789473684210527,57,0.49590047509571805
7,3,1.5,0.01,10,2.5,-0.09859576847585783,-0.00014720139539034505,0.16867611891181367,0.3504817972147286,586,0.5263157894736842,57,0.4956656661532547
3,3,1.2,0.01,10,2.0,-0.01512396758058377,-0.0004222180344477808,0.25690865517429745,0.38743351981785035,1322,0.5964912280701754,57,0.4951109485954195
5,3,1.2,0.03,7,2.0,-0.09586389671635258,-0.00015580193727824157,0.20002814974447633,0.42019508694929,1135,0.5263157894736842,57,0.4948614308893252
5,3,1.5,0.02,10,1.5,-0.11414141770544754,-9.643275545171329e-05,0.17455775861488948,0.3568628030420721,608,0.5087719298245614,57,0.4938300802496114
7,3,1.2,0.03,7,2.0,-0.12401880969500075,-9.709414405615884e-05,0.20002799093098436,0.4101798687405994,1034,0.5263157894736842,57,0.4932334845841869
3,5,1.2,0.03,7,2.5,-0.07462595727280816,-0.0002513174917276729,0.21773117910859738,0.4536970253661647,1242,0.5614035087719298,57,0.49315070715588205
3,5,1.5,0.03,7,2.5,-0.1030765687619057,-6.316857735225837e-05,0.1452619990290594,0.41887820483429083,639,0.45614035087719296,57,0.4920825779103154
3,5,1.5,0.02,5,1.5,-0.16152052364873945,2.5739712645946905e-05,0.14345300632549127,0.44232897381015357,691,0.49122807017543857,57,0.491818948470199
3,3,2.0,0.03,7,1.5,-0.0781741031758788,-5.9697280021176746e-05,0.06458076479192408,0.3694026704862618,223,0.40350877192982454,57,0.4908240410341398
5,5,1.5,0.03,10,1.5,-0.08443755864455492,-0.00011127652941146995,0.17015908113631065,0.3883288958774609,583,0.45614035087719296,57,0.49009809784789854
7,3,2.0,0.01,5,2.5,-0.09820026385262141,4.6493077488435675e-05,0.05083701697531413,0.3540378724589251,208,0.3508771929824561,57,0.4899612340665866
7,5,1.2,0.03,7,1.5,-0.11601523127340035,-0.00016896980699721673,0.2121175577996757,0.43507132276006805,1030,0.5614035087719298,57,0.48944683104039377
5,3,1.2,0.02,7,1.5,-0.05626311141959129,-0.00030527591196483403,0.21055255932266254,0.4173362012289319,1194,0.5614035087719298,57,0.489021089824795
3,3,2.0,0.03,5,1.5,-0.11982774076813094,7.666054785463635e-06,0.05203504164176921,0.38031561947970616,228,0.42105263157894735,57,0.48897516651096895
7,5,2.0,0.01,7,1.5,-0.11930183258663063,0.00010626911970094262,0.05781142671407305,0.38130743525480365,205,0.3333333333333333,57,0.48695037579840894
3,5,1.5,0.03,7,2.0,-0.10868376455010598,-6.733981255611719e-05,0.14617938270281586,0.41887820483429083,639,0.45614035087719296,57,0.48650256662104563
3,5,2.0,0.01,7,2.0,-0.10166454691200907,2.2344641007029413e-05,0.06798180383327337,0.373738152685521,234,0.3684210526315789,57,0.48638427182635746
3,5,1.2,0.02,10,1.5,0.049115455032978476,-0.0005993470558645023,0.28760702195137117,0.4148551722030721,1226,0.5964912280701754,57,0.484519303595897
3,5,1.2,0.01,10,1.5,0.05169676066956433,-0.0006057923284557371,0.2869568335552731,0.4126040877684088,1297,0.5964912280701754,57,0.4843164268019464
3,5,2.0,0.01,7,2.5,-0.10505759485097377,2.143859989027804e-05,0.0688837307491436,0.373738152685521,234,0.3684210526315789,57,0.4835437741563726
3,5,1.2,0.03,7,2.0,-0.06599222870586753,-0.0002590760699484208,0.2177876914842379,0.45428182068780204,1242,0.5263157894736842,57,0.4830089472831932
3,5,1.5,0.02,5,2.5,-0.13564445669656333,-4.779995643847644e-05,0.15234721402590481,0.447226634628867,691,0.47368421052631576,57,0.4798091232220998
5,5,1.5,0.02,5,1.5,-0.1871596335232881,4.7331634208278936e-05,0.13963492008299455,0.44133883006051816,646,0.49122807017543857,57,0.479777294552722
5,3,1.2,0.01,7,2.0,-0.05592248085020593,-0.00031369249615899943,0.22302617868710867,0.4208316633329226,1254,0.543859649122807,57,0.47946998460868556
3,5,1.2,0.03,7,1.5,-0.010271122795754432,-0.0004196132002792374,0.22963305406450948,0.44850034933384686,1244,0.543859649122807,57,0.47855458025096137
7,3,1.2,0.03,7,1.5,-0.14518673446077576,-9.425233464760874e-05,0.19390061147976662,0.4065387099910815,1035,0.5263157894736842,57,0.47832702682134354
5,5,1.2,0.03,7,1.5,-0.11501955041388887,-0.00022639591308967085,0.21542076644250796,0.4472001092636707,1130,0.5789473684210527,57,0.478183389990147
7,3,2.0,0.02,7,2.0,-0.09634092475771683,2.4252160750896546e-05,0.06051619111585351,0.3605092276144908,200,0.3333333333333333,57,0.4769668746647311
7,3,2.0,0.01,7,1.5,-0.10564390239163213,2.2931383566065145e-05,0.060494255775603786,0.3468880534670008,205,0.3508771929824561,57,0.47658186288495974
3,3,2.0,0.02,5,1.5,-0.12975581261644933,1.374689554797472e-05,0.05515289387770469,0.3660855999865288,233,0.40350877192982454,57,0.47653937719705886
3,5,1.5,0.02,5,2.0,-0.13139498164883795,-6.884850452799134e-05,0.15380002674596124,0.447226634628867,691,0.47368421052631576,57,0.4760168110825024
7,5,1.2,0.02,7,2.5,-0.11296802148106562,-0.0002198317023184617,0.2281411662849016,0.4392882531747974,1076,0.5614035087719298,57,0.47487664119507145
7,5,1.5,0.02,10,2.0,-0.07296234666421979,-0.00018644857493367578,0.1817367343206019,0.4020841444990052,558,0.45614035087719296,57,0.4737833417095209
3,3,2.0,0.03,7,2.0,-0.09850778625107778,-6.726456134381347e-05,0.06587677595442125,0.3694026704862618,223,0.40350877192982454,57,0.47309342104977303
5,5,1.2,0.01,7,2.5,-0.09157137885960616,-0.0002735879726705338,0.2358511779918339,0.4507300510325189,1249,0.5614035087719298,57,0.47308534387076795
7,3,2.0,0.01,5,1.5,-0.12137707508621642,4.511389129340276e-05,0.050653851915315795,0.3540378724589251,208,0.3508771929824561,57,0.4721522614307226
5,3,2.0,0.01,5,1.5,-0.13706802941731183,5.8041939210893807e-05,0.050871905623147196,0.35843776106934,221,0.3684210526315789,57,0.47170562200775057
3,3,1.2,0.03,10,1.5,-0.008232486290954714,-0.0004453863508227666,0.24549646076043447,0.37249354370784,1191,0.543859649122807,57,0.4715417005680452
7,3,2.0,0.02,7,2.5,-0.10275360590677624,2.099083712028596e-05,0.060910390199020524,0.3605092276144908,200,0.3333333333333333,57,0.47108528453595644
5,3,1.5,0.01,10,1.5,-0.11402736497894314,-0.00016585937952563032,0.17613051625757403,0.3521795732390237,630,0.5087719298245614,57,0.4709130232417856
3,3,2.0,0.03,7,2.5,-0.10039732716332436,-7.019313128404341e-05,0.06627058804371978,0.3694026704862618,223,0.40350877192982454,57,0.4707084646207147
7,5,1.2,0.02,7,2.0,-0.12108966472942001,-0.00023532114334092358,0.2276296793416385,0.4392882531747974,1076,0.5789473684210527,57,0.47068170595294134
7,5,1.5,0.01,10,2.5,-0.09447964850099924,-0.00017007695883843797,0.1809330175534746,0.39685727129918097,579,0.47368421052631576,57,0.4701155549538712
3,5,2.0,0.01,5,1.5,-0.15356385094712088,6.914569044064613e-05,0.05508351553594507,0.370196664933507,239,0.38596491228070173,57,0.47005196800283755
3,5,2.0,0.02,7,1.5,-0.13275845621977264,4.3234282900476875e-05,0.06537682777976571,0.382504870430567,228,0.3684210526315789,57,0.4700260379517941
5,5,1.5,0.02,5,2.5,-0.15306232896540145,-2.0874015805596897e-05,0.14835610472226074,0.4464070561813758,646,0.45614035087719296,57,0.4686722719938089
5,5,1.5,0.03,7,2.5,-0.11706420484518669,-1.8115737717426364e-05,0.13827378107485766,0.4148140039129121,601,0.38596491228070173,57,0.4684670537146524
5,3,2.0,0.01,7,2.0,-0.11953387413752202,2.982601559808492e-05,0.0615471335676001,0.35339738234475077,217,0.3508771929824561,57,0.4684670468322651
3,3,1.5,0.02,5,1.5,-0.17623255424564196,-1.350881114619628e-05,0.14420905247836766,0.43125068082730206,692,0.49122807017543857,57,0.46780051156194
5,3,1.2,0.02,7,2.5,-0.07268495024969147,-0.0003369607081109811,0.21925193306918506,0.4212592315047687,1193,0.5614035087719298,57,0.4662285693872127
5,5,1.5,0.02,5,2.0,-0.14923542036871734,-4.1921194349985955e-05,0.149775641548102,0.4464070561813758,646,0.45614035087719296,57,0.4645640464651345
5,3,2.0,0.01,7,2.5,-0.1256290778598985,2.6565164702822507e-05,0.061941283473615195,0.35339738234475077,217,0.3508771929824561,57,0.46282330240261904
5,5,1.5,0.02,10,1.5,-0.06181543561370416,-0.00024481577037421354,0.1884162696873759,0.38871414301193397,603,0.45614035087719296,57,0.4627905801856629
5,5,1.5,0.03,7,2.0,-0.12315362699875058,-2.2004003179095054e-05,0.13907033147712364,0.4148140039129121,601,0.38596491228070173,57,0.4626197626840268
7,3,1.5,0.03,10,1.5,-0.19537904397691494,3.249271657937668e-05,0.1519043937679678,0.3417173425341096,546,0.47368421052631576,57,0.4616896067872053
3,3,2.0,0.02,7,1.5,-0.11259783956596,-4.99225963786831e-05,0.06872418417010025,0.35497771921920523,228,0.38596491228070173,57,0.46127267691932883
5,5,1.2,0.01,7,2.0,-0.09331573888914424,-0.0002855129986735148,0.23449681602260197,0.4507300510325189,1249,0.543859649122807,57,0.4608108296205318
3,3,2.0,0.01,5,2.0,-0.14594886176671984,1.2370884713157266e-06,0.05644660712291722,0.3538148011832222,239,0.40350877192982454,57,0.4602712091266864
5,3,1.5,0.02,5,1.5,-0.19225043836932193,2.102624557933319e-05,0.1391188882738107,0.4315593641176173,646,0.47368421052631576,57,0.46023285797853714
7,5,1.5,0.03,5,2.5,-0.20808968384395665,0.00011893314653459664,0.12998696950892136,0.42678279367250754,578,0.42105263157894735,57,0.4597602347941556
3,3,2.0,0.01,5,2.5,-0.15031636623098066,5.3653656658151495e-06,0.05649272770805353,0.3538148011832222,239,0.40350877192982454,57,0.45836912669404717
3,5,1.5,0.01,5,1.5,-0.16746163014096663,-4.54797346347758e-05,0.1455217373011049,0.4377153155927306,719,0.47368421052631576,57,0.4567569709931723
7,3,1.2,0.01,7,2.5,-0.12066850310081569,-0.0002384773306566309,0.22257193619111218,0.4107636656197121,1136,0.543859649122807,57,0.45591622486637184
3,3,1.5,0.02,5,2.0,-0.14293059145192955,-0.00010379204814957807,0.152006199826609,0.4352711486635593,692,0.47368421052631576,57,0.4558028247003969
5,3,1.2,0.02,7,2.0,-0.08001678704629142,-0.0003326339115181972,0.21839659229463054,0.4212592315047687,1193,0.543859649122807,57,0.45515537958261815
7,5,1.5,0.03,5,2.0,-0.205149666255224,9.665941746340132e-05,0.13156088876904093,0.42678279367250754,578,0.42105263157894735,57,0.45458163048319944
3,3,1.2,0.01,7,1.5,-0.023666321381228185,-0.00044851109029349264,0.2389257216982392,0.41815051055360614,1400,0.5263157894736842,57,0.4519338600831822
7,5,1.5,0.03,5,1.5,-0.23934133740272076,0.0001427630321859691,0.12507009823473106,0.4200153093508437,578,0.43859649122807015,57,0.4512756070566982
7,5,1.5,0.01,10,2.0,-0.07812399112587101,-0.0002642651072442983,0.18403541657704256,0.3983192596032746,579,0.47368421052631576,57,0.45115427194103463
5,3,1.5,0.02,5,2.0,-0.15884742250504227,-6.384900419638008e-05,0.14686884822809704,0.43565293136907923,646,0.45614035087719296,57,0.45010260320084194
5,5,1.2,0.02,7,2.5,-0.12250457890978655,-0.00029550313325069224,0.2310514168905268,0.4518711469662875,1188,0.5789473684210527,57,0.4496828760990574
3,3,1.2,0.03,7,1.5,-0.07531596263875491,-0.00036044550853902836,0.2209066173218566,0.4121759345437966,1254,0.543859649122807,57,0.4494602487626417
3,3,1.5,0.02,5,2.5,-0.150523035381159,-0.00010721968684417572,0.15236723025328508,0.4352711486635593,692,0.47368421052631576,57,0.4489828659562607
5,5,1.2,0.02,7,2.0,-0.12068688670133601,-0.00030289148658768335,0.22881405453414977,0.4518711469662875,1188,0.5789473684210527,57,0.44859583528647257
7,5,1.2,0.01,7,2.5,-0.1466851987593053,-0.00020317025206449273,0.23255579823944983,0.43700388473629664,1131,0.543859649122807,57,0.4481359891117035
7,3,2.0,0.01,7,2.0,-0.12442977846248617,1.5618140470343746e-05,0.06146210962645344,0.3468880534670008,205,0.3157894736842105,57,0.4460591356902395
3,5,1.5,0.03,7,1.5,-0.16237845783532126,-2.7968451527189167e-05,0.13975954680774771,0.4101441987664898,640,0.42105263157894735,57,0.44531185260946715
3,5,1.2,0.01,7,2.5,-0.06469066350752548,-0.00035566977896977516,0.23873689252784056,0.45636238208408375,1388,0.5087719298245614,57,0.4449624083105213
3,3,1.2,0.02,7,1.5,-0.03131649295687994,-0.0004747592599492769,0.23592181768117762,0.4166343918097505,1324,0.543859649122807,57,0.4445273217646196
3,3,1.2,0.03,7,2.5,-0.10650862941684833,-0.0003073334522747251,0.2234090626029751,0.41518181669556975,1253,0.543859649122807,57,0.4437040153146664
3,3,1.2,0.03,7,2.0,-0.10798217678613058,-0.0003064004129908727,0.2233888966467528,0.41576661201720716,1253,0.543859649122807,57,0.44290993433679504
5,3,1.5,0.02,5,2.5,-0.1670974527748462,-6.727565488429521e-05,0.1472298422690391,0.43565293136907923,646,0.45614035087719296,57,0.44279064991163164
5,5,1.5,0.01,5,1.5,-0.19584773102176725,-2.4596885390319335e-05,0.14185506093235442,0.4363991454925455,672,0.47368421052631576,57,0.44242376920819415
7,3,1.5,0.02,10,1.5,-0.172032848318119,-0.00010038840135972337,0.1696226547466321,0.34031243094710584,565,0.49122807017543857,57,0.4421597813259095
7,3,1.2,0.02,7,2.5,-0.12137893711787481,-0.00026320386877378175,0.21899768625059374,0.4123317845435759,1081,0.5263157894736842,57,0.4401743904619616
7,3,2.0,0.01,7,2.5,-0.13084996119656808,1.235681857418402e-05,0.061856308536260216,0.3468880534670008,205,0.3157894736842105,57,0.4401719298477351
7,3,1.5,0.03,5,1.5,-0.24519108686569377,0.00012033924809460484,0.12642578001914884,0.41168197601751033,578,0.43859649122807015,57,0.4394665616755221
7,3,1.2,0.01,7,2.0,-0.13385109400392617,-0.00023870115349866548,0.22217053914672116,0.4107636656197121,1136,0.5263157894736842,57,0.43895497879913714
7,5,1.5,0.03,7,2.5,-0.1746288372256087,4.285962839701497e-05,0.13439424733386948,0.4044461367627693,557,0.3684210526315789,57,0.43855438091341126
3,5,1.2,0.02,7,2.5,-0.07106015808907667,-0.00042440455236399067,0.23673846893408068,0.4549602535043828,1312,0.5614035087719298,57,0.43847310333787926
7,5,1.2,0.02,7,1.5,-0.12808993972927074,-0.00029697209916666295,0.2278481441920236,0.4335038754838115,1078,0.5614035087719298,57,0.43799698487935673
7,3,1.5,0.03,5,2.0,-0.21621576360548,7.15646675181188e-05,0.13064609579858444,0.41741746859510814,578,0.42105263157894735,57,0.4379822635156102
5,5,1.5,0.01,10,1.5,-0.08024517248686823,-0.0003228107461564125,0.19098319284401308,0.3851494041190714,625,0.49122807017543857,57,0.4371863738844897
3,3,2.0,0.02,7,2.0,-0.13308976536473827,-5.7488919843785006e-05,0.0696972300336881,0.35497771921920523,228,0.3684210526315789,57,0.43640635723446475
7,3,1.2,0.02,7,2.0,-0.12898390704260904,-0.0002588771410394666,0.21814228537492802,0.4123317845435759,1081,0.5263157894736842,57,0.43591423233004184
3,5,1.5,0.02,7,2.5,-0.09335270379243456,-0.0002569886195245412,0.16507338032766933,0.4140156971405952,662,0.45614035087719296,57,0.43514613969000004
3,5,1.2,0.01,7,2.0,-0.06094992468305679,-0.0003549770420039475,0.23726009994446703,0.4569106276981188,1388,0.47368421052631576,57,0.433957455569465
3,3,2.0,0.02,7,2.5,-0.13549400363641553,-6.041640246876451e-05,0.07009145393411204,0.35497771921920523,228,0.3684210526315789,57,0.4336364173183176
3,3,2.0,0.01,5,1.5,-0.17530853633407617,3.906499937867648e-06,0.05630425147401919,0.3538148011832222,239,0.38596491228070173,57,0.43215708746310366
3,5,1.5,0.02,7,2.0,-0.09573852583783019,-0.00026201870030674514,0.1659907617005248,0.4140156971405952,662,0.45614035087719296,57,0.43169335430384004
3,3,1.2,0.01,10,1.5,-0.04071410686212562,-0.0005364163083870768,0.26435803850182715,0.3786821711357538,1325,0.5789473684210527,57,0.4310983734248969
3,5,2.0,0.01,7,1.5,-0.17150584299259689,3.156169864890073e-05,0.0665133062357324,0.37081417607733397,234,0.3508771929824561,57,0.4301317282486061
7,5,1.5,0.03,7,2.0,-0.18407270504350104,3.672554749284693e-05,0.1352979949745649,0.4044461367627693,557,0.3684210526315789,57,0.4294515986160653
3,3,1.2,0.02,7,2.0,-0.057329891824005226,-0.0004623801210725049,0.24134565595066618,0.4199737665068674,1323,0.543859649122807,57,0.42915306367125533
7,3,1.2,0.01,7,1.5,-0.17156109276781856,-0.00020497249708044347,0.2143573316694513,0.4074977879259168,1137,0.543859649122807,57,0.4289147788439744
7,3,1.2,0.02,7,1.5,-0.15774148947764494,-0.000218277752068154,0.2091158332454202,0.4087992565039597,1082,0.5263157894736842,57,0.4278353984035643
7,3,1.5,0.01,10,1.5,-0.17286343628724263,-0.00016397542670033776,0.17146137921672855,0.33754015795729986,586,0.5087719298245614,57,0.427487811643179
3,3,1.2,0.02,7,2.5,-0.05714278944494711,-0.0004678558593952266,0.24181980588904986,0.4194078355504441,1323,0.543859649122807,57,0.4274789205659179
3,5,1.5,0.01,5,2.5,-0.15732289824495,-0.00013890733911263342,0.15426825388293586,0.4418402111649945,719,0.45614035087719296,57,0.4263756385325167
5,5,1.2,0.01,7,1.5,-0.12141245998632857,-0.00034866033218131884,0.23721390823776034,0.4455052063871837,1250,0.5614035087719298,57,0.4258709239637844
3,3,1.2,0.01,7,2.5,-0.04830372779529698,-0.00043001399580050854,0.24403983274231175,0.4207221145506488,1399,0.49122807017543857,57,0.4255816951622473
3,3,1.2,0.01,7,2.0,-0.04926543840450525,-0.0004283253439931853,0.24394428346336325,0.42127036016468383,1399,0.49122807017543857,57,0.42542116597249446
3,3,1.5,0.01,5,1.5,-0.18227286495141257,-8.555443343732152e-05,0.14637486299429142,0.42687669597159894,720,0.45614035087719296,57,0.42537298948596114
3,5,1.5,0.01,5,2.0,-0.1496892669129624,-0.00015965008708053078,0.15569027758112142,0.4418402111649945,719,0.45614035087719296,57,0.42521829506385583
7,3,1.5,0.03,5,2.5,-0.22339277576333624,6.813552864459226e-05,0.1310071406006867,0.41741746859510814,578,0.40350877192982454,57,0.42445528942567445
5,3,1.5,0.01,5,1.5,-0.198827996659263,-5.172870710019605e-05,0.14143261560456463,0.42688331378142297,672,0.45614035087719296,57,0.42418563760078287
7,5,1.2,0.01,7,2.0,-0.161677116810124,-0.00022074264747298374,0.23199906703919806,0.43700388473629664,1131,0.5263157894736842,57,0.4240722022861824
3,5,1.2,0.02,7,2.0,-0.07091463137694805,-0.00042887023248227045,0.23634116155287924,0.4555261844608061,1312,0.5263157894736842,57,0.4230673983641916
3,3,2.0,0.01,7,1.5,-0.1507456803582088,-5.92997347952662e-05,0.06978858616586092,0.34387182018760964,234,0.3684210526315789,57,0.42258776311201457
7,5,1.5,0.03,10,1.5,-0.18761350865600995,-6.707306080978143e-05,0.16028289421092393,0.38120989189508014,541,0.43859649122807015,57,0.42048026416611606
5,5,1.5,0.03,7,1.5,-0.18744294514921409,1.2861034497332575e-05,0.13241380697454702,0.40582339012353674,602,0.3684210526315789,57,0.41902157021485525
5,5,1.5,0.01,5,2.5,-0.17284382711915577,-0.00011265556398209078,0.1504250388177206,0.4406850796261251,672,0.43859649122807015,57,0.4164356266395427
3,3,1.2,0.02,10,1.5,-0.033631191131776345,-0.000533464052382029,0.26080881166275044,0.37891777121931763,1254,0.5263157894736842,57,0.4163267229930436
3,5,1.2,0.01,7,1.5,-0.0542107729831709,-0.0004662160527578674,0.24425402102250965,0.4517166022628653,1390,0.5087719298245614,57,0.4161822767362748
3,5,1.5,0.02,7,1.5,-0.14710986535750584,-0.00017205373556010558,0.15631235710790198,0.40586648639443157,663,0.43859649122807015,57,0.4160223183091159
5,5,1.5,0.02,7,2.5,-0.1124718531378422,-0.0002097026744304817,0.15963398040503796,0.4112463412121225,623,0.40350877192982454,57,0.415446169878244
5,5,1.5,0.01,5,2.0,-0.16515529679173993,-0.00013339690672037671,0.15181378306087448,0.4406850796261251,672,0.43859649122807015,57,0.4153198505443387
5,5,1.5,0.02,7,2.0,-0.11509670713670377,-0.0002144498788300461,0.1604305307759778,0.4112463412121225,623,0.40350877192982454,57,0.411908148666677
7,5,1.5,0.02,5,1.5,-0.23101490907065322,-1.610370472457221e-05,0.14353538584794054,0.4179283653562086,599,0.45614035087719296,57,0.41189121714346866
5,3,2.0,0.03,10,2.0,-0.16296319114191163,-7.009175440996156e-05,0.06621846749027124,0.30137401584770007,205,0.3684210526315789,57,0.4098651397752088
5,3,2.0,0.02,10,2.0,-0.16719817925979272,-6.08831885549916e-05,0.07000141344177027,0.2966469203311308,210,0.3684210526315789,57,0.409745472189694
5,5,1.2,0.02,7,1.5,-0.14132205284816737,-0.0003616621536022968,0.23076132591683676,0.4463236852414579,1189,0.5614035087719298,57,0.4066572387857607
5,3,2.0,0.03,10,2.5,-0.1660119960810795,-7.709239300644638e-05,0.06684672737144283,0.30137401584770007,205,0.3684210526315789,57,0.40526310650880976
7,5,1.5,0.02,5,2.5,-0.2020239581348164,-8.227096496389398e-05,0.15194865795301857,0.42381865669541635,599,0.43859649122807015,57,0.40465607224538375
5,3,2.0,0.02,10,2.5,-0.1732801882235786,-6.78790141132891e-05,0.07030575604601905,0.2966469203311308,210,0.3684210526315789,57,0.40287413369818514
5,3,1.5,0.01,5,2.0,-0.18575427641622325,-0.00014890245716282018,0.14894853569267674,0.4302458868808381,672,0.45614035087719296,57,0.4017780428766807
3,3,1.5,0.01,5,2.0,-0.16852493271334912,-0.00018816003431317805,0.15394032778503008,0.43016616965580945,720,0.45614035087719296,57,0.4016704818154375
5,3,2.0,0.02,10,1.5,-0.17883272185860907,-5.9141545982698114e-05,0.06919377570277639,0.2937229437229437,210,0.3684210526315789,57,0.4016119616208982
5,3,2.0,0.03,10,1.5,-0.1753269850521992,-6.871753037083869e-05,0.06512470297536761,0.2984500392395129,205,0.3684210526315789,57,0.40106391996987595
3,5,1.5,0.01,7,2.5,-0.1136132490166154,-0.00031564685974794156,0.16658397847733872,0.4143110905315034,689,0.45614035087719296,57,0.40054280759878896
5,5,2.0,0.03,10,2.0,-0.17453752329818661,-5.578324726131371e-05,0.0669773527533285,0.32478671426039846,205,0.3508771929824561,57,0.39892282035255566
7,3,1.5,0.02,5,1.5,-0.22902845967126031,-3.973528751053171e-05,0.1429806473189093,0.40996052909889863,599,0.43859649122807015,57,0.39853126689891316
3,3,2.0,0.01,7,2.0,-0.171239299794958,-6.686605771987282e-05,0.07076163201186148,0.34387182018760964,234,0.3508771929824561,57,0.39772017561296447
7,5,1.5,0.02,5,2.0,-0.20235898005753714,-0.00010556298799939435,0.15352257694459956,0.42381865669541635,599,0.43859649122807015,57,0.3966881292000687
7,5,1.5,0.02,10,1.5,-0.16153256795078813,-0.00020233029468361754,0.1791753445051711,0.3805231218156915,560,0.43859649122807015,57,0.3951930890799912
3,3,2.0,0.01,7,2.5,-0.17364545581774646,-6.979353908779663e-05,0.07115585573892487,0.34387182018760964,234,0.3508771929824561,57,0.39494880033096535
3,3,1.5,0.01,5,2.5,-0.17641763266722543,-0.00019158771552358375,0.154301355197732,0.43016616965580945,720,0.45614035087719296,57,0.39462571323582624
7,5,1.5,0.03,7,1.5,-0.23531989369738013,6.836573023495555e-05,0.12862484867641988,0.3933528870472286,558,0.3508771929824561,57,0.39454933091416916
3,5,1.2,0.02,7,1.5,-0.0817722367823549,-0.0005335196820476196,0.24442338077930637,0.450052025558297,1314,0.5614035087719298,57,0.39430113042230897
5,3,1.5,0.01,5,2.5,-0.19432146948037501,-0.00015232915037442736,0.14930952671964093,0.4302458868808381,672,0.45614035087719296,57,0.39422862198518127
5,5,2.0,0.03,10,1.5,-0.18385460867798586,-5.080167757735175e-05,0.06483926942083225,0.31893876104402413,205,0.3508771929824561,57,0.39359779762514624
5,5,1.5,0.02,7,1.5,-0.17753982070008076,-0.00012910020018474166,0.1505182548264641,0.40284052274438453,624,0.40350877192982454,57,0.3934363004938971
5,5,2.0,0.03,10,2.5,-0.1801367592214072,-6.004307061597347e-05,0.06777854208452795,0.32478671426039846,205,0.3508771929824561,57,0.3933194174090774
7,5,1.5,0.02,7,2.5,-0.16191387928037285,-0.00014846389113400133,0.1565010013267751,0.39900529006397895,577,0.38596491228070173,57,0.39170200721585374
5,3,1.5,0.03,7,2.0,-0.18696635433297723,-0.00011419880385237218,0.14181048673890168,0.39040175035979174,604,0.38596491228070173,57,0.3842984315494218
7,3,1.5,0.02,5,2.0,-0.2015375248346475,-0.0001250658121321722,0.15063442761750165,0.4148188286940403,599,0.42105263157894735,57,0.38382391217374445
7,5,1.5,0.02,7,2.0,-0.17007603209146,-0.00015545678179467118,0.15740474849771716,0.39900529006397895,577,0.38596491228070173,57,0.38327427854452983
3,5,2.0,0.03,10,2.5,-0.17208253186270406,-0.00011495827458116952,0.07310930904619156,0.328684940217448,221,0.3508771929824561,57,0.38115493941024
3,5,1.5,0.01,7,2.0,-0.1156009986722966,-0.00035217444511655507,0.1676169539573806,0.4143110905315034,689,0.43859649122807015,57,0.37993474637528607
7,3,2.0,0.03,10,2.0,-0.1873407056550529,-8.462936698804634e-05,0.06594086853260131,0.2930963773069036,194,0.3508771929824561,57,0.3797800274340021
7,5,1.5,0.01,5,1.5,-0.23567965746465835,-8.15278289427018e-05,0.14564774462744626,0.41472128134009734,623,0.43859649122807015,57,0.3797049315902389
5,3,2.0,0.01,10,2.0,-0.1947145559371821,-6.992171299527637e-05,0.07084361804706502,0.2863930659983291,216,0.3508771929824561,57,0.3791323150299389
5,5,1.5,0.01,7,2.5,-0.13495040198095745,-0.00026927977652826165,0.16123643159718884,0.410411264927262,648,0.40350877192982454,57,0.37887782479046533
7,3,1.5,0.02,5,2.5,-0.20695126136634928,-0.00012849317802112606,0.15099547268807947,0.4148188286940403,599,0.42105263157894735,57,0.37863519896775444
5,5,2.0,0.02,10,2.0,-0.18772029369216522,-6.914912551722148e-05,0.07252714374602118,0.31528379028379033,209,0.3333333333333333,57,0.3776072108975016
3,3,1.5,0.03,7,2.0,-0.18443404496861285,-0.0001834299330373876,0.15261244172299226,0.38896108764529813,644,0.42105263157894735,57,0.37729173460728005
3,5,2.0,0.03,10,2.0,-0.17929282812894254,-0.00011159888272793451,0.07231862966395468,0.328684940217448,221,0.3508771929824561,57,0.3768697676829653
7,3,2.0,0.02,10,2.0,-0.1957859965495938,-7.542077100768018e-05,0.06972381491329317,0.2885433280170122,199,0.3508771929824561,57,0.3765081993849537
7,3,2.0,0.03,10,2.5,-0.1903752539223634,-9.163045631169483e-05,0.06656917523842816,0.2930963773069036,194,0.3508771929824561,57,0.37518851852091234
5,3,1.5,0.03,7,2.5,-0.19370109547746758,-0.00012729950320541163,0.142875892839071,0.39040175035979174,604,0.38596491228070173,57,0.37491573710440257
3,5,1.5,0.01,7,1.5,-0.17256592791985628,-0.00024287961941687046,0.15809940706964354,0.40692804959583084,690,0.43859649122807015,57,0.373497818452563
5,5,2.0,0.02,10,2.5,-0.19278953994690382,-7.211384259867102e-05,0.07295732142717866,0.31528379028379033,209,0.3333333333333333,57,0.37282969566656293
7,5,2.0,0.03,10,2.0,-0.19319521756924335,-7.25005414787783e-05,0.06695644677495752,0.31994126730968836,194,0.3333333333333333,57,0.37239785168427475
5,3,2.0,0.01,10,2.5,-0.20087804452487412,-7.691753137018103e-05,0.07114795993345863,0.2863930659983291,216,0.3508771929824561,57,0.37219997673499317
5,5,2.0,0.02,10,1.5,-0.19817749121433378,-6.421978787166071e-05,0.0706751004210346,0.309435837067416,209,0.3333333333333333,57,0.3714113032191724
5,3,2.0,0.01,10,1.5,-0.2063414102346199,-6.818007115167749e-05,0.07003598038089702,0.28346908939014204,216,0.3508771929824561,57,0.37100456029894435
7,3,2.0,0.03,10,1.5,-0.2000326666661246,-8.325351806560677e-05,0.06484697222975788,0.2901724006987164,194,0.3508771929824561,57,0.37073365376542033
3,5,2.0,0.03,10,1.5,-0.19117338412146614,-0.00010451430563684288,0.07015599039817895,0.3232546979451004,221,0.3508771929824561,57,0.3703222941188794
7,3,2.0,0.02,10,2.5,-0.20185374884152224,-8.241704729314131e-05,0.07002820434219723,0.2885433280170122,199,0.3508771929824561,57,0.3696473852467543
3,3,1.5,0.03,7,2.5,-0.18933274501467068,-0.00019653227913286333,0.1536779188791027,0.38896108764529813,644,0.42105263157894735,57,0.3692831022321791
3,3,2.0,0.02,10,2.0,-0.19086442090025205,-0.00012975499082187696,0.07755412075275403,0.2971825731887651,226,0.3684210526315789,57,0.3692084026590129
3,3,2.0,0.03,10,2.0,-0.18685177505295397,-0.0001389635616354267,0.07377117527836849,0.30205586753574365,221,0.3684210526315789,57,0.36916160533971487
7,3,1.5,0.01,5,1.5,-0.2308617865868331,-0.00010598034315361003,0.14511477703933143,0.40686924240202293,623,0.42105263157894735,57,0.36819281942497184
7,3,2.0,0.02,10,1.5,-0.20772895119401052,-7.367750355170913e-05,0.0689160453863389,0.2856193514088251,199,0.3508771929824561,57,0.3681443251722567
3,3,2.0,0.03,10,2.5,-0.185650084711895,-0.00014506885332431942,0.07439947474439364,0.30205586753574365,221,0.3684210526315789,57,0.3680384804066553
7,5,1.5,0.01,10,1.5,-0.18846868630814886,-0.00026812043767453187,0.18188129761493121,0.3785820366152776,581,0.47368421052631576,57,0.3672640313244638
5,3,1.5,0.02,7,2.0,-0.1553754558236383,-0.00030211669014357684,0.16078487472560904,0.38965361791661285,625,0.43859649122807015,57,0.36674154430099853
7,5,1.5,0.01,5,2.5,-0.2159584183937898,-0.00016758540423569645,0.15389182831350745,0.41955173353897063,623,0.43859649122807015,57,0.3659572165179666
3,3,2.0,0.02,10,2.5,-0.19263527050331866,-0.0001358554694725823,0.07785850294185638,0.2971825731887651,226,0.3684210526315789,57,0.36586139049848554
7,5,1.5,0.02,7,1.5,-0.22082317373701338,-7.3642889772435e-05,0.1473995412229949,0.3887892333308944,578,0.3684210526315789,57,0.36536995175278764
3,3,2.0,0.02,10,1.5,-0.1990565773523216,-0.00012449894355560272,0.07641563372982393,0.2946763075246048,226,0.3684210526315789,57,0.36481653195775765
3,3,2.0,0.03,10,1.5,-0.1957976971464959,-0.00013407493290190647,0.07234656144625137,0.29954960187158325,221,0.3684210526315789,57,0.364083672007875
7,5,2.0,0.03,10,2.5,-0.20247714398900163,-7.67614926389575e-05,0.06775768850461236,0.31994126730968836,194,0.3333333333333333,57,0.364036917513726
3,5,2.0,0.02,10,2.5,-0.1828177921262426,-0.00012702892918576135,0.0782880768545575,0.3189383515234908,225,0.3333333333333333,57,0.36210086621499077
7,5,1.5,0.01,7,2.5,-0.1785396384513408,-0.00020221203274921486,0.15817707820399615,0.3995918447262221,601,0.38596491228070173,57,0.3614467826463327
7,5,1.5,0.01,5,2.0,-0.2123522640213681,-0.0001905715787070139,0.15546649875769372,0.41955173353897063,623,0.43859649122807015,57,0.3610412880625895
7,5,2.0,0.03,10,1.5,-0.21141400353125966,-6.751645567117491e-05,0.06481829466933511,0.3140933140933141,194,0.3333333333333333,57,0.3604091353740472
5,5,1.5,0.01,7,2.0,-0.1358782476311995,-0.0003054033702110398,0.1621400503546043,0.410411264927262,648,0.38596491228070173,57,0.35919714336382336
3,3,1.5,0.02,7,2.0,-0.15305069474773697,-0.0003737175963563326,0.17053413735831105,0.38681321484808534,667,0.47368421052631576,57,0.35879430495574816
5,3,1.5,0.02,7,2.5,-0.16206736681181366,-0.0003152173498503452,0.1618502808043405,0.38965361791661285,625,0.43859649122807015,57,0.3573909290828061
3,5,2.0,0.02,10,2.0,-0.19081485251229033,-0.00012496464360432587,0.07786840733349906,0.3189383515234908,225,0.3333333333333333,57,0.35679756482076336
7,5,1.2,0.01,7,1.5,-0.2317131833735304,-0.00028856573452832473,0.23390344167571198,0.43153851241099445,1133,0.543859649122807,57,0.3561839660782887
7,5,2.0,0.02,10,2.0,-0.20340484424994965,-8.586650375177323e-05,0.07250624960332896,0.3107516265411002,198,0.3157894736842105,57,0.353308148307136
7,3,2.0,0.01,10,2.0,-0.21444482879386031,-8.371201257785399e-05,0.07050005220746723,0.27890559732664993,204,0.3333333333333333,57,0.35277410055779596
3,3,1.5,0.02,7,2.5,-0.15753747485616387,-0.0003868200061466966,0.17159961725809098,0.38681321484808534,667,0.47368421052631576,57,0.3510940477902513
7,3,1.5,0.03,7,2.0,-0.2298379779113904,-9.747065976680533e-05,0.13699135458031764,0.3752769571291934,560,0.3684210526315789,57,0.3507261235352358
3,5,2.0,0.02,10,1.5,-0.20355191013279988,-0.00011793229633766279,0.07599181063903662,0.31350810925114336,225,0.3333333333333333,57,0.3495915406239918
5,5,1.5,0.01,7,1.5,-0.20707554803560038,-0.00020080473596253894,0.15239429560585813,0.4027726508482046,649,0.40350877192982454,57,0.34756632111407615
7,5,2.0,0.02,10,2.5,-0.21167578616865337,-8.883234863732275e-05,0.07293647968294184,0.3107516265411002,198,0.3157894736842105,57,0.3461332131707325
7,3,2.0,0.01,10,2.5,-0.22059105974390647,-9.070828168017545e-05,0.07080444091851734,0.27890559732664993,204,0.3333333333333333,57,0.3458545333798278
7,3,2.0,0.01,10,1.5,-0.22638121354723778,-8.19687458505519e-05,0.06969228275333873,0.27598162071846283,204,0.3333333333333333,57,0.3444151448512003
7,3,1.5,0.03,7,2.5,-0.2350898254603391,-0.00011057216691539584,0.13805678244534417,0.3752769571291934,560,0.3684210526315789,57,0.3424533745670796
7,3,1.5,0.01,5,2.0,-0.2232542565452451,-0.00020363549765301003,0.15254661623297022,0.41072503573150043,623,0.42105263157894735,57,0.3415332971366162
7,5,2.0,0.02,10,1.5,-0.22175312361772784,-8.09346332580401e-05,0.07065413583426917,0.30490367332472595,198,0.3157894736842105,57,0.3412051828537668
5,3,1.5,0.03,7,1.5,-0.2447632992986191,-0.00011656629817250833,0.14171753826862948,0.3832171221225319,604,0.38596491228070173,57,0.3402426027927966
5,3,1.5,0.02,7,1.5,-0.20929381509114153,-0.00026027124158125746,0.1579225455988942,0.38305378500099047,625,0.43859649122807015,57,0.3402381789952742
3,3,2.0,0.01,10,2.0,-0.21837829378985296,-0.0001387855955951289,0.0785304607760729,0.287162350320245,232,0.3508771929824561,57,0.3385997439816851
7,5,1.5,0.01,7,2.0,-0.1843573233909106,-0.0002404181165228908,0.1592988460801474,0.3995918447262221,601,0.3684210526315789,57,0.33741520409838627
7,3,1.5,0.01,5,2.5,-0.22898589947211784,-0.0002070629060739147,0.15290765828957253,0.41072503573150043,623,0.42105263157894735,57,0.33610655960636654
3,3,1.5,0.03,7,1.5,-0.24180560258025147,-0.000180436762243882,0.1521613726758842,0.38184955882324295,644,0.42105263157894735,57,0.3353304818255543
7,5,1.5,0.01,7,1.5,-0.24179409325598197,-0.00013815094983061487,0.14941657995379887,0.3904212939148044,602,0.38596491228070173,57,0.3353141565968261
5,5,2.0,0.01,10,2.0,-0.22765714068953005,-8.558247771066097e-05,0.07347241885800505,0.3050299359509886,215,0.3157894736842105,57,0.3352450370454816
3,3,2.0,0.01,10,2.5,-0.22017069778323348,-0.0001448860723717259,0.07883484224732126,0.287162350320245,232,0.3508771929824561,57,0.33523659509622333
3,3,1.5,0.02,7,1.5,-0.2055844076706073,-0.000326404943096051,0.16731368818453723,0.38028648134766757,667,0.47368421052631576,57,0.33513899258624785
3,3,2.0,0.01,10,1.5,-0.22655446960075346,-0.0001335295505672845,0.07739197382596857,0.28465608465608466,232,0.3508771929824561,57,0.33421983692887397
5,5,2.0,0.01,10,1.5,-0.23519209466367352,-8.03742166231016e-05,0.07160380592320947,0.2991819827346143,215,0.3157894736842105,57,0.3313293683171478
5,5,2.0,0.01,10,2.5,-0.23276536602508183,-8.854733187090836e-05,0.07390259587118919,0.3050299359509886,215,0.3157894736842105,57,0.3304382935304341
7,5,2.0,0.01,10,2.0,-0.22943442057310184,-0.000100833048029349,0.0733048981654035,0.301113895850738,203,0.2982456140350877,57,0.3218440561972512
3,5,2.0,0.01,10,2.5,-0.2225379900542067,-0.00014345450421082543,0.07936748578174346,0.30891812865497076,231,0.3157894736842105,57,0.3199034699710678
7,3,1.5,0.02,7,2.0,-0.1995149183841747,-0.0002855233854306873,0.15662238813853607,0.3741536854136127,579,0.38596491228070173,57,0.31814026757487834
7,5,2.0,0.01,10,2.5,-0.23774152483934555,-0.00010379902999394946,0.07373512757704426,0.301113895850738,203,0.2982456140350877,57,0.31464200160916533
3,5,2.0,0.01,10,2.0,-0.2305652265630937,-0.00014139007624121736,0.07894781692865711,0.30891812865497076,231,0.3157894736842105,57,0.3145776234863833
7,3,1.5,0.03,7,1.5,-0.2765073593744702,-0.00010157405180589773,0.13705281370346525,0.36603269262177096,560,0.3684210526315789,57,0.31442614350801124
5,3,1.5,0.01,7,2.0,-0.18102897726844683,-0.00038235343422401643,0.1621089861571485,0.3890798588394602,650,0.42105263157894735,57,0.31393365851788857
7,5,2.0,0.01,10,1.5,-0.24486178671935382,-9.562225409359156e-05,0.0714362147865346,0.2952659426343637,203,0.2982456140350877,57,0.3120203337047388
7,3,1.5,0.02,7,2.5,-0.20473818962071869,-0.0002986249443737735,0.1576878160063172,0.3741536854136127,579,0.38596491228070173,57,0.30988889596625663
3,5,2.0,0.01,10,1.5,-0.24042890774511425,-0.00013407880704231661,0.07705465062438559,0.30348788638262325,231,0.3157894736842105,57,0.3096152519006615
5,3,1.5,0.01,7,1.5,-0.22515429167672676,-0.00032787049632008634,0.15946732798512597,0.3832110200758846,650,0.43859649122807015,57,0.30596675218664254
5,3,1.5,0.01,7,2.5,-0.18656705333803722,-0.0003954540043240372,0.1631743928835835,0.3890798588394602,650,0.42105263157894735,57,0.30544692637866916
7,3,1.5,0.02,7,1.5,-0.2447072866547194,-0.00024564392353102925,0.1538293836147602,0.3657866138886464,579,0.38596491228070173,57,0.2975185080214392
3,3,1.5,0.01,7,2.0,-0.17881256950037486,-0.0004531322683702628,0.1717779696859215,0.3877510519032719,694,0.42105263157894735,57,0.29214257859175263
3,3,1.5,0.01,7,1.5,-0.22109319891052684,-0.00039312692953653774,0.16877302476740005,0.381955312554901,694,0.43859649122807015,57,0.287386434669926
3,3,1.5,0.01,7,2.5,-0.18204864897638376,-0.0004662345884765659,0.172843450233405,0.3877510519032719,694,0.42105263157894735,57,0.2853787259756061
7,3,1.5,0.01,7,2.0,-0.22178589757361508,-0.00035989070051231333,0.15827817589537685,0.37537438262176304,603,0.38596491228070173,57,0.27682702880802257
7,3,1.5,0.01,7,1.5,-0.2571830466599922,-0.0003074087033904454,0.155594710706852,0.36800981736246097,603,0.40350877192982454,57,0.2747317750957886
7,3,1.5,0.01,7,2.5,-0.22585404579853344,-0.0003729921698017894,0.1593436044027783,0.37537438262176304,603,0.38596491228070173,57,0.2694405046636924
